mote_id,type,seq_id,etx,hop_count,energy,degree,sent_time,received_time,latency,initial_energy,energy_consumed
24,High,1,516,5,48599820,3,60347,664684.0,,48600000,180
8,Low,1,642,3,16199709,6,60385,1263181.0,,16200000,291
11,Low,1,385,2,16199812,6,60503,660556.0,,16200000,188
11,Low,1,385,2,16199812,6,60503,1260557.0,,16200000,188
2,Weak,1,325,4,32399888,5,60548,1264309.0,,32400000,112
6,Weak,1,463,6,32399873,2,60562,76808.0,16246.0,32400000,127
6,Weak,1,463,6,32399873,2,60562,669556.0,,32400000,127
18,High,1,670,3,48599906,6,60639,,,48600000,94
4,Weak,1,256,3,32399812,6,60660,,,32400000,188
7,Weak,1,278,9,32399863,3,60713,,,32400000,137
14,High,1,2355,13,48599845,2,60762,,,48600000,155
15,High,1,2023,12,48599804,2,60774,667306.0,,48600000,196
25,High,1,398,7,48599835,2,60779,77056.0,16277.0,48600000,165
20,High,1,324,6,48599895,2,60784,668806.0,,48600000,105
16,High,1,716,9,48599792,3,60785,,,48600000,208
10,Low,1,490,5,16199855,4,60868,,,16200000,145
12,Low,1,859,5,16199732,5,60906,668181.0,,16200000,268
22,High,1,716,8,48599910,2,60974,666556.0,,48600000,90
9,Low,1,696,4,16199782,5,61020,75434.0,14414.0,16200000,218
5,Weak,1,492,2,32399866,6,61027,667556.0,,32400000,134
5,Weak,1,492,2,32399866,6,61027,1265058.0,,32400000,134
19,High,1,486,2,48599878,6,61031,,,48600000,122
17,High,1,442,7,48599919,2,61120,,,48600000,81
13,Low,1,463,6,16199892,2,61195,,,16200000,108
3,Weak,1,742,6,32399924,2,61211,,,32400000,76
21,High,1,716,3,48599901,5,61219,66309.0,5090.0,48600000,99
21,High,1,716,3,48599901,5,61219,666805.0,,48600000,99
23,High,1,288,2,48599875,6,61257,1263558.0,,48600000,125
24,High,2,821,6,48599667,3,120347,,,48600000,333
8,Low,2,804,4,16199528,6,120385,725808.0,,16200000,472
11,Low,2,542,3,16199555,6,120502,120557.0,55.0,16200000,445
11,Low,2,542,3,16199555,6,120502,720556.0,,16200000,445
2,Weak,2,310,4,32399713,5,120548,129932.0,9384.0,32400000,287
6,Weak,2,489,8,32399803,2,120562,727309.0,,32400000,197
18,High,2,726,3,48599750,6,120638,726806.0,,48600000,250
4,Weak,2,256,4,32399632,6,120660,726308.0,,32400000,368
7,Weak,2,319,9,32399804,3,120713,132181.0,11468.0,32400000,196
14,High,2,1954,11,48599617,2,120762,728055.0,,48600000,383
15,High,2,1937,11,48599663,2,120774,,,48600000,337
25,High,2,529,7,48599678,2,120779,727933.0,,48600000,322
20,High,2,702,8,48599756,2,120784,,,48600000,244
16,High,2,765,10,48599639,3,120785,134681.0,13896.0,48600000,361
16,High,2,765,10,48599639,3,120785,727058.0,,48600000,361
10,Low,2,463,5,16199642,4,120868,,,16200000,358
12,Low,2,624,5,16199464,5,120906,726429.0,,16200000,536
22,High,2,777,9,48599821,2,120974,132683.0,11709.0,48600000,179
22,High,2,777,9,48599821,2,120974,729431.0,,48600000,179
9,Low,2,486,6,16199487,5,121020,726931.0,,16200000,513
19,High,2,639,3,48599717,6,121031,,,48600000,283
5,Weak,2,554,3,32399659,6,121073,726442.0,,32400000,341
17,High,2,489,8,48599819,2,121120,133180.0,12060.0,48600000,181
13,Low,2,716,8,16199770,2,121195,,,16200000,230
3,Weak,2,1003,8,32399822,3,121211,727334.0,,32400000,178
21,High,2,614,3,48599734,5,121218,,,48600000,266
23,High,2,699,3,48599692,6,121257,726555.0,,48600000,308
24,High,3,667,6,48599592,3,180347,782183.0,,48600000,408
8,Low,3,1074,5,16199394,6,180385,,,16200000,606
11,Low,3,463,2,16199496,6,180502,180556.0,54.0,16200000,504
11,Low,3,463,2,16199496,6,180502,780556.0,,16200000,504
2,Weak,3,330,4,32399658,5,180548,189557.0,9009.0,32400000,342
2,Weak,3,330,4,32399658,5,180548,783557.0,,32400000,342
6,Weak,3,677,9,32399727,2,180562,184683.0,4121.0,32400000,273
18,High,3,740,3,48599555,6,180638,185307.0,4669.0,48600000,445
4,Weak,3,304,4,32399514,6,180660,785806.0,,32400000,486
7,Weak,3,307,10,32399694,3,180713,,,32400000,306
14,High,3,2068,12,48599502,2,180762,,,48600000,498
15,High,3,2055,12,48599545,2,180774,787931.0,,48600000,455
25,High,3,806,9,48599516,2,180779,185432.0,4653.0,48600000,484
20,High,3,463,8,48599625,2,180784,788059.0,,48600000,375
16,High,3,688,11,48599561,3,180785,,,48600000,439
10,Low,3,661,6,16199438,5,180868,188684.0,7816.0,16200000,562
10,Low,3,661,6,16199438,5,180868,787809.0,,16200000,562
12,Low,3,697,5,16199325,5,180906,,,16200000,675
22,High,3,720,9,48599728,2,180980,,,48600000,272
9,Low,3,637,7,16199244,5,181020,,,16200000,756
5,Weak,3,598,3,32399525,6,181027,184431.0,3404.0,32400000,475
5,Weak,3,598,3,32399525,6,181027,783432.0,,32400000,475
19,High,3,850,4,48599599,6,181031,186184.0,5153.0,48600000,401
17,High,3,567,9,48599700,2,181121,,,48600000,300
13,Low,3,886,9,16199630,2,181195,787684.0,,16200000,370
3,Weak,3,1119,8,32399733,3,181211,,,32400000,267
21,High,3,751,3,48599625,5,181219,782933.0,,48600000,375
23,High,3,898,4,48599577,6,181257,,,48600000,423
24,High,4,646,5,48599514,3,240347,,,48600000,486
8,Low,4,273,4,16199208,6,240385,,,16200000,792
11,Low,4,371,2,16199355,6,240502,240556.0,54.0,16200000,645
11,Low,4,371,2,16199355,6,240502,840557.0,,16200000,645
2,Weak,4,419,4,32399566,5,240548,844808.0,,32400000,434
6,Weak,4,660,8,32399689,2,240562,,,32400000,311
18,High,4,719,3,48599450,6,240638,242181.0,1543.0,48600000,550
18,High,4,719,3,48599450,6,240638,845308.0,,48600000,550
4,Weak,4,505,4,32399377,6,240660,,,32400000,623
7,Weak,4,2145,10,32399562,3,240713,846308.0,,32400000,438
14,High,4,1815,11,48599385,2,240762,248805.0,8043.0,48600000,615
15,High,4,1920,12,48599473,2,240774,845683.0,,48600000,527
25,High,4,802,9,48599407,2,240779,,,48600000,593
20,High,4,724,9,48599519,2,240784,848308.0,,48600000,481
16,High,4,1862,11,48599448,3,240785,,,48600000,552
10,Low,4,544,6,16199337,5,240868,848058.0,,16200000,663
12,Low,4,739,6,16199175,5,240906,848933.0,,16200000,825
22,High,4,764,9,48599583,2,240974,847556.0,,48600000,417
9,Low,4,705,5,16198999,5,241020,,,16200000,1001
5,Weak,4,571,3,32399403,6,241027,247058.0,6031.0,32400000,597
19,High,4,949,4,48599441,6,241031,247183.0,6152.0,48600000,559
19,High,4,949,4,48599441,6,241031,843681.0,,48600000,559
17,High,4,743,9,48599492,2,241120,,,48600000,508
13,Low,4,922,9,16199490,2,241195,848434.0,,16200000,510
3,Weak,4,882,8,32399630,3,241211,847805.0,,32400000,370
21,High,4,643,3,48599381,6,241219,846058.0,,48600000,619
23,High,4,256,3,48599451,6,241257,249182.0,7925.0,48600000,549
24,High,5,802,6,48599430,3,300347,303806.0,3459.0,48600000,570
8,Low,5,476,5,16199110,6,300385,,,16200000,890
11,Low,5,393,2,16199211,6,300502,309557.0,9055.0,16200000,789
11,Low,5,393,2,16199211,6,300502,900557.0,,16200000,789
2,Weak,5,762,5,32399448,5,300548,307433.0,6885.0,32400000,552
6,Weak,5,850,9,32399628,2,300562,,,32400000,372
18,High,5,821,4,48599332,6,300639,909309.0,,48600000,668
4,Weak,5,256,3,32399289,6,300660,903431.0,,32400000,711
7,Weak,5,1993,10,32399483,3,300713,,,32400000,517
14,High,5,1761,12,48599294,2,300762,307683.0,6921.0,48600000,706
14,High,5,1761,12,48599294,2,300762,909808.0,,48600000,706
15,High,5,1649,12,48599403,2,300774,910557.0,,48600000,597
25,High,5,862,9,48599301,2,300779,907307.0,,48600000,699
20,High,5,841,10,48599433,2,300784,909683.0,,48600000,567
16,High,5,1789,10,48599352,3,300785,308056.0,7271.0,48600000,648
16,High,5,1789,10,48599352,3,300785,909558.0,,48600000,648
10,Low,5,696,7,16199248,5,300868,908306.0,,16200000,752
12,Low,5,697,6,16198988,5,300906,306806.0,5900.0,16200000,1012
22,High,5,812,8,48599479,2,300975,309806.0,8831.0,48600000,521
9,Low,5,652,4,16198849,5,301020,905182.0,,16200000,1151
5,Weak,5,590,3,32399307,6,301027,306819.0,5792.0,32400000,693
5,Weak,5,590,3,32399307,6,301027,906934.0,,32400000,693
19,High,5,766,3,48599362,6,301031,,,48600000,638
17,High,5,742,8,48599394,2,301121,310055.0,8934.0,48600000,606
17,High,5,742,8,48599394,2,301121,906807.0,,48600000,606
13,Low,5,778,9,16199390,2,301195,908180.0,,16200000,610
3,Weak,5,969,8,32399562,3,301211,908558.0,,32400000,438
21,High,5,776,4,48599300,6,301219,906184.0,,48600000,700
23,High,5,488,4,48599335,6,301257,901682.0,,48600000,665
24,High,6,676,6,48599380,3,360347,361431.0,1084.0,48600000,620
8,Low,6,875,4,16198987,6,360385,965684.0,,16200000,1013
11,Low,6,386,2,16199100,6,360515,371180.0,10665.0,16200000,900
11,Low,6,386,2,16199100,6,360515,960556.0,,16200000,900
2,Weak,6,834,6,32399363,5,360548,366308.0,5760.0,32400000,637
6,Weak,6,944,9,32399570,2,360562,,,32400000,430
18,High,6,997,4,48599227,6,360638,965808.0,,48600000,773
4,Weak,6,623,4,32399206,6,360660,963681.0,,32400000,794
14,High,6,1712,12,48599225,2,360762,967944.0,,48600000,775
15,High,6,1740,12,48599327,2,360774,371057.0,10283.0,48600000,673
25,High,6,1031,10,48599227,2,360779,966058.0,,48600000,773
20,High,6,1012,11,48599360,2,360784,968432.0,,48600000,640
16,High,6,1738,10,48599279,3,360785,966558.0,,48600000,721
7,Weak,6,2049,10,32399419,3,360822,,,32400000,581
10,Low,6,754,7,16199173,5,360868,367559.0,6691.0,16200000,827
12,Low,6,912,7,16198865,5,360906,964432.0,,16200000,1135
22,High,6,751,8,48599426,2,360974,968933.0,,48600000,574
19,High,6,758,3,48599267,6,361031,967932.0,,48600000,733
17,High,6,770,8,48599296,2,361120,,,48600000,704
9,Low,6,714,5,16198706,5,361149,372431.0,11282.0,16200000,1294
9,Low,6,714,5,16198706,5,361149,968681.0,,16200000,1294
5,Weak,6,589,3,32399233,6,361156,,,32400000,767
13,Low,6,828,9,16199311,2,361195,967433.0,,16200000,689
3,Weak,6,890,7,32399483,3,361211,965933.0,,32400000,517
21,High,6,1028,5,48599178,6,361219,962933.0,,48600000,822
23,High,6,256,4,48599240,6,361257,,,48600000,760
24,High,7,721,6,48599294,3,420347,424434.0,4087.0,48600000,706
8,Low,7,939,4,16198839,6,420385,,,16200000,1161
11,Low,7,517,3,16198943,6,420502,420556.0,54.0,16200000,1057
11,Low,7,517,3,16198943,6,420502,1020557.0,,16200000,1057
2,Weak,7,423,5,32399197,5,420548,,,32400000,803
6,Weak,7,1105,10,32399512,2,420562,,,32400000,488
4,Weak,7,760,5,32399111,6,420660,1022931.0,,32400000,889
7,Weak,7,643,10,32399347,3,420713,431933.0,11220.0,32400000,653
7,Weak,7,643,10,32399347,3,420713,1024434.0,,32400000,653
14,High,7,1503,11,48599136,2,420762,,,48600000,864
15,High,7,1446,11,48599246,2,420774,,,48600000,754
18,High,7,683,3,48599051,6,420775,1025056.0,,48600000,949
25,High,7,1183,11,48599158,2,420779,,,48600000,842
20,High,7,573,11,48599230,2,420784,429308.0,8524.0,48600000,770
20,High,7,573,11,48599230,2,420784,1027182.0,,48600000,770
16,High,7,706,10,48599148,3,420785,426432.0,5647.0,48600000,852
10,Low,7,660,7,16199067,5,420868,432683.0,11815.0,16200000,933
12,Low,7,1019,7,16198762,5,420906,429433.0,8527.0,16200000,1238
12,Low,7,1019,7,16198762,5,420906,1026557.0,,16200000,1238
22,High,7,656,8,48599388,2,420974,1027056.0,,48600000,612
9,Low,7,881,6,16198578,5,421020,,,16200000,1422
5,Weak,7,597,3,32399108,6,421027,429446.0,8419.0,32400000,892
5,Weak,7,597,3,32399108,6,421027,1024806.0,,32400000,892
19,High,7,792,4,48599119,6,421031,,,48600000,881
17,High,7,671,7,48599254,2,421120,,,48600000,746
13,Low,7,859,9,16199214,2,421195,431307.0,10112.0,16200000,786
13,Low,7,859,9,16199214,2,421195,1027808.0,,16200000,786
3,Weak,7,798,8,32399406,3,421211,,,32400000,594
21,High,7,256,4,48599000,6,421219,,,48600000,1000
23,High,7,910,4,48599083,6,421257,,,48600000,917
24,High,8,717,6,48599207,3,480346,,,48600000,793
8,Low,8,1009,4,16198720,6,480385,,,16200000,1280
11,Low,8,444,2,16198833,6,480502,1080557.0,,16200000,1167
2,Weak,8,406,5,32399128,5,480548,1082807.0,,32400000,872
6,Weak,8,1250,11,32399436,2,480562,1090562.0,,32400000,564
18,High,8,810,4,48598912,6,480638,483683.0,3045.0,48600000,1088
18,High,8,810,4,48598912,6,480638,1083807.0,,48600000,1088
4,Weak,8,735,5,32399058,6,480660,,,32400000,942
7,Weak,8,1625,9,32399266,3,480713,,,32400000,734
14,High,8,1558,11,48599018,2,480762,1091183.0,,48600000,982
15,High,8,1355,10,48599155,2,480774,1089433.0,,48600000,845
25,High,8,1320,11,48599083,2,480779,1090805.0,,48600000,917
20,High,8,643,11,48599160,2,480784,1089808.0,,48600000,840
16,High,8,1687,11,48599010,3,480785,,,48600000,990
10,Low,8,570,6,16198925,5,480868,488933.0,8065.0,16200000,1075
12,Low,8,1103,7,16198665,5,480906,486306.0,5400.0,16200000,1335
12,Low,8,1103,7,16198665,5,480906,1088683.0,,16200000,1335
22,High,8,768,10,48599264,2,480975,,,48600000,736
9,Low,8,781,6,16198417,5,481020,,,16200000,1583
5,Weak,8,646,3,32398955,6,481027,485056.0,4029.0,32400000,1045
5,Weak,8,646,3,32398955,6,481027,1088429.0,,32400000,1045
19,High,8,896,4,48599040,6,481031,485181.0,4150.0,48600000,960
19,High,8,896,4,48599040,6,481031,1088309.0,,48600000,960
17,High,8,759,10,48599146,2,481121,490058.0,8937.0,48600000,854
17,High,8,759,10,48599146,2,481121,1091055.0,,48600000,854
13,Low,8,875,9,16199154,2,481195,1088933.0,,16200000,846
3,Weak,8,837,8,32399339,3,481211,489683.0,8472.0,32400000,661
3,Weak,8,837,8,32399339,3,481211,1089821.0,,32400000,661
21,High,8,665,3,48598786,6,481219,486056.0,4837.0,48600000,1214
21,High,8,665,3,48598786,6,481219,1086308.0,,48600000,1214
23,High,8,1075,5,48598995,6,481257,,,48600000,1005
24,High,9,628,5,48599164,3,540347,,,48600000,836
8,Low,9,1150,5,16198607,6,540385,547182.0,6797.0,16200000,1393
8,Low,9,1150,5,16198607,6,540385,1144683.0,,16200000,1393
11,Low,9,509,2,16198695,6,540502,540557.0,55.0,16200000,1305
11,Low,9,509,2,16198695,6,540502,1140557.0,,16200000,1305
2,Weak,9,585,5,32399015,5,540548,,,32400000,985
6,Weak,9,1381,11,32399380,2,540562,550056.0,9494.0,32400000,620
18,High,9,887,4,48598803,6,540638,1146056.0,,48600000,1197
4,Weak,9,1009,4,32398965,6,540660,543181.0,2521.0,32400000,1035
7,Weak,9,1320,7,32399187,3,540713,1144556.0,,32400000,813
14,High,9,1390,11,48598928,2,540762,547808.0,7046.0,48600000,1072
15,High,9,1138,10,48599060,2,540774,547821.0,7047.0,48600000,940
25,High,9,510,10,48598945,2,540779,,,48600000,1055
20,High,9,986,10,48599036,2,540784,,,48600000,964
16,High,9,1774,11,48598921,3,540785,546054.0,5269.0,48600000,1079
16,High,9,1774,11,48598921,3,540785,1147683.0,,48600000,1079
10,Low,9,590,6,16198819,5,540868,547932.0,7064.0,16200000,1181
10,Low,9,590,6,16198819,5,540868,1147556.0,,16200000,1181
12,Low,9,981,7,16198555,5,540906,1143931.0,,16200000,1445
22,High,9,301,10,48599164,2,540975,,,48600000,836
9,Low,9,790,6,16198276,5,541020,,,16200000,1724
5,Weak,9,632,3,32398849,6,541027,548808.0,7781.0,32400000,1151
5,Weak,9,632,3,32398849,6,541027,1145933.0,,32400000,1151
19,High,9,615,3,48598945,6,541031,,,48600000,1055
17,High,9,832,10,48599039,2,541121,1149181.0,,48600000,961
13,Low,9,964,9,16199077,2,541195,549057.0,7862.0,16200000,923
3,Weak,9,1048,9,32399245,3,541211,1147805.0,,32400000,755
21,High,9,660,3,48598669,6,541219,1147308.0,,48600000,1331
23,High,9,256,4,48598898,6,541257,549308.0,8051.0,48600000,1102
23,High,9,256,4,48598898,6,541257,1144180.0,,48600000,1102
24,High,10,628,5,48599079,3,600347,,,48600000,921
8,Low,10,1163,5,16198532,6,600385,,,16200000,1468
11,Low,10,539,3,16198601,6,600503,,,16200000,1399
2,Weak,10,636,6,32398918,5,600548,,,32400000,1082
6,Weak,10,1345,11,32399304,2,600562,,,32400000,696
18,High,10,924,4,48598714,6,600639,,,48600000,1286
4,Weak,10,1010,4,32398901,6,600660,,,32400000,1099
7,Weak,10,1308,7,32399091,3,600713,,,32400000,909
14,High,10,1266,11,48598860,2,600762,,,48600000,1140
15,High,10,1062,10,48598990,2,600774,,,48600000,1010
25,High,10,669,10,48598847,2,600779,,,48600000,1153
20,High,10,1143,11,48598963,2,600784,,,48600000,1037
16,High,10,1699,11,48598859,3,600785,,,48600000,1141
10,Low,10,633,6,16198753,5,600868,,,16200000,1247
12,Low,10,1101,7,16198457,5,600906,,,16200000,1543
22,High,10,758,10,48599064,2,600975,,,48600000,936
9,Low,10,935,7,16198161,5,601020,,,16200000,1839
5,Weak,10,616,3,32398731,6,601027,,,32400000,1269
19,High,10,617,3,48598855,6,601031,,,48600000,1145
17,High,10,800,10,48598981,2,601121,,,48600000,1019
13,Low,10,944,9,16199020,2,601195,,,16200000,980
3,Weak,10,1335,10,32399158,3,601211,,,32400000,842
21,High,10,841,4,48598571,6,601219,,,48600000,1429
23,High,10,353,4,48598805,6,601257,,,48600000,1195
24,High,11,618,5,48599010,3,660347,,,48600000,990
8,Low,11,256,4,16198415,6,660385,,,16200000,1585
11,Low,11,527,3,16198485,6,660503,,,16200000,1515
2,Weak,11,904,7,32398796,5,660548,,,32400000,1204
6,Weak,11,1183,10,32399254,2,660562,,,32400000,746
18,High,11,959,4,48598644,6,660639,,,48600000,1356
4,Weak,11,1011,4,32398841,6,660661,,,32400000,1159
7,Weak,11,1136,7,32399006,3,660713,,,32400000,994
14,High,11,1281,12,48598780,2,660762,,,48600000,1220
15,High,11,1025,11,48598905,2,660774,,,48600000,1095
25,High,11,730,11,48598777,2,660779,,,48600000,1223
20,High,11,1284,12,48598890,2,660784,,,48600000,1110
16,High,11,1785,11,48598785,3,660785,,,48600000,1215
10,Low,11,672,6,16198673,5,660868,,,16200000,1327
12,Low,11,1093,7,16198392,5,660906,,,16200000,1608
22,High,11,452,9,48598961,2,660975,,,48600000,1039
9,Low,11,959,7,16198047,5,661020,,,16200000,1953
5,Weak,11,636,3,32398650,6,661027,,,32400000,1350
19,High,11,582,3,48598770,6,661031,,,48600000,1230
17,High,11,904,10,48598903,2,661121,,,48600000,1097
13,Low,11,1105,10,16198953,2,661196,,,16200000,1047
3,Weak,11,1103,9,32399091,3,661216,,,32400000,909
21,High,11,962,4,48598477,6,661219,,,48600000,1523
23,High,11,573,5,48598719,6,661257,,,48600000,1281
24,High,12,635,5,48598923,3,720347,,,48600000,1077
8,Low,12,809,4,16198273,6,720385,,,16200000,1727
11,Low,12,665,3,16198379,6,720503,,,16200000,1621
2,Weak,12,478,6,32398684,5,720548,,,32400000,1316
6,Weak,12,1167,10,32399205,2,720562,,,32400000,795
4,Weak,12,1165,5,32398770,6,720660,,,32400000,1230
7,Weak,12,1083,7,32398938,3,720713,,,32400000,1062
14,High,12,1292,12,48598706,2,720762,,,48600000,1294
18,High,12,821,4,48598542,6,720771,,,48600000,1458
15,High,12,970,10,48598834,2,720774,,,48600000,1166
25,High,12,847,10,48598694,2,720779,,,48600000,1306
20,High,12,1283,12,48598818,2,720784,,,48600000,1182
16,High,12,1862,12,48598714,3,720785,,,48600000,1286
10,Low,12,744,7,16198585,5,720869,,,16200000,1415
12,Low,12,1034,7,16198340,5,720906,,,16200000,1660
22,High,12,458,9,48598910,2,720975,,,48600000,1090
9,Low,12,1021,7,16197937,5,721021,,,16200000,2063
5,Weak,12,537,3,32398547,6,721027,,,32400000,1453
19,High,12,679,3,48598684,6,721031,,,48600000,1316
17,High,12,916,10,48598798,2,721121,,,48600000,1202
13,Low,12,989,9,16198893,2,721195,,,16200000,1107
3,Weak,12,1020,8,32398973,3,721211,,,32400000,1027
21,High,12,901,4,48598371,6,721219,,,48600000,1629
23,High,12,1090,5,48598591,6,721257,,,48600000,1409
24,High,13,665,5,48598853,3,780347,,,48600000,1147
8,Low,13,672,3,16198160,6,780385,,,16200000,1840
11,Low,13,553,3,16198285,6,780503,,,16200000,1715
2,Weak,13,536,6,32398596,5,780548,,,32400000,1404
6,Weak,13,1075,10,32399168,2,780562,,,32400000,832
4,Weak,13,1176,5,32398704,6,780660,,,32400000,1296
7,Weak,13,1174,7,32398839,3,780713,,,32400000,1161
14,High,13,1265,11,48598644,2,780762,,,48600000,1356
18,High,13,818,4,48598418,6,780771,,,48600000,1582
15,High,13,1067,10,48598750,2,780774,,,48600000,1250
25,High,13,803,10,48598627,2,780779,,,48600000,1373
20,High,13,670,11,48598717,2,780784,,,48600000,1283
16,High,13,1752,11,48598661,3,780785,,,48600000,1339
10,Low,13,898,7,16198441,5,780868,,,16200000,1559
12,Low,13,1007,7,16198273,5,780906,,,16200000,1727
22,High,13,540,9,48598836,2,780975,,,48600000,1164
9,Low,13,995,7,16197884,5,781020,,,16200000,2116
5,Weak,13,665,3,32398439,6,781027,,,32400000,1561
19,High,13,826,4,48598568,6,781031,,,48600000,1432
17,High,13,1080,11,48598732,2,781121,,,48600000,1268
13,Low,13,1146,10,16198827,2,781196,,,16200000,1173
3,Weak,13,945,7,32398904,3,781211,,,32400000,1096
21,High,13,934,4,48598264,6,781219,,,48600000,1736
23,High,13,1109,5,48598504,6,781257,,,48600000,1496
24,High,14,700,6,48598761,3,840347,,,48600000,1239
8,Low,14,707,3,16198037,6,840385,,,16200000,1963
11,Low,14,496,2,16198239,6,840503,,,16200000,1761
2,Weak,14,459,6,32398537,5,840548,,,32400000,1463
6,Weak,14,993,9,32399132,2,840562,,,32400000,868
4,Weak,14,1186,5,32398617,6,840661,,,32400000,1383
7,Weak,14,1436,8,32398747,3,840713,,,32400000,1253
14,High,14,1280,11,48598574,2,840762,,,48600000,1426
18,High,14,830,4,48598292,6,840771,,,48600000,1708
15,High,14,958,10,48598685,2,840774,,,48600000,1315
25,High,14,978,11,48598560,2,840779,,,48600000,1440
20,High,14,679,11,48598656,2,840784,,,48600000,1344
16,High,14,1832,11,48598575,3,840785,,,48600000,1425
10,Low,14,806,7,16198350,5,840868,,,16200000,1650
12,Low,14,1162,8,16198196,5,840906,,,16200000,1804
22,High,14,588,9,48598776,2,840975,,,48600000,1224
9,Low,14,1061,7,16197795,5,841021,,,16200000,2205
19,High,14,999,4,48598489,6,841031,,,48600000,1511
5,Weak,14,814,4,32398337,6,841096,,,32400000,1663
17,High,14,1228,11,48598656,2,841121,,,48600000,1344
13,Low,14,1108,10,16198775,2,841196,,,16200000,1225
3,Weak,14,1036,8,32398812,3,841211,,,32400000,1188
21,High,14,837,4,48598186,6,841219,,,48600000,1814
23,High,14,1254,5,48598425,6,841258,,,48600000,1575
24,High,15,685,6,48598664,3,900347,,,48600000,1336
8,Low,15,612,3,16197891,6,900385,,,16200000,2109
11,Low,15,474,2,16198152,6,900503,,,16200000,1848
2,Weak,15,409,6,32398472,5,900548,,,32400000,1528
6,Weak,15,852,10,32399091,2,900562,,,32400000,909
4,Weak,15,1323,6,32398552,6,900660,,,32400000,1448
7,Weak,15,1239,7,32398668,3,900714,,,32400000,1332
14,High,15,1292,11,48598505,2,900762,,,48600000,1495
18,High,15,629,3,48598201,6,900771,,,48600000,1799
15,High,15,916,10,48598618,2,900774,,,48600000,1382
25,High,15,931,11,48598463,2,900779,,,48600000,1537
20,High,15,584,10,48598592,2,900784,,,48600000,1408
16,High,15,1739,10,48598498,3,900785,,,48600000,1502
10,Low,15,793,6,16198269,5,900868,,,16200000,1731
12,Low,15,1081,8,16198117,5,900906,,,16200000,1883
22,High,15,619,10,48598683,2,900975,,,48600000,1317
9,Low,15,1210,7,16197714,5,901020,,,16200000,2286
19,High,15,975,4,48598427,6,901031,,,48600000,1573
5,Weak,15,798,4,32398228,6,901033,,,32400000,1772
17,High,15,1361,12,48598588,2,901121,,,48600000,1412
13,Low,15,650,10,16198712,2,901196,,,16200000,1288
3,Weak,15,806,6,32398725,3,901211,,,32400000,1275
21,High,15,855,4,48598119,6,901219,,,48600000,1881
23,High,15,1384,6,48598348,6,901258,,,48600000,1652
24,High,16,723,7,48598586,3,960347,,,48600000,1414
8,Low,16,768,4,16197744,6,960385,,,16200000,2256
11,Low,16,409,2,16198059,6,960503,,,16200000,1941
2,Weak,16,509,5,32398379,5,960548,,,32400000,1621
6,Weak,16,792,10,32399057,2,960562,,,32400000,943
4,Weak,16,1267,5,32398471,6,960660,,,32400000,1529
7,Weak,16,1130,7,32398577,3,960714,,,32400000,1423
14,High,16,1186,11,48598425,2,960762,,,48600000,1575
18,High,16,555,3,48598094,6,960771,,,48600000,1906
15,High,16,952,10,48598550,2,960774,,,48600000,1450
25,High,16,940,11,48598405,2,960779,,,48600000,1595
20,High,16,576,10,48598547,2,960784,,,48600000,1453
16,High,16,1667,9,48598436,3,960785,,,48600000,1564
10,Low,16,790,6,16198212,5,960868,,,16200000,1788
12,Low,16,1066,8,16198017,5,960906,,,16200000,1983
22,High,16,636,10,48598574,2,960975,,,48600000,1426
9,Low,16,1036,7,16197630,5,961020,,,16200000,2370
5,Weak,16,823,4,32398134,6,961027,,,32400000,1866
19,High,16,256,4,48598285,6,961031,,,48600000,1715
17,High,16,1352,12,48598479,2,961121,,,48600000,1521
13,Low,16,814,10,16198619,2,961196,,,16200000,1381
3,Weak,16,844,7,32398650,3,961211,,,32400000,1350
21,High,16,897,4,48598042,6,961219,,,48600000,1958
23,High,16,1271,5,48598306,6,961257,,,48600000,1694
24,High,17,794,7,48598491,3,1020347,,,48600000,1509
8,Low,17,715,3,16197643,6,1020385,,,16200000,2357
11,Low,17,434,2,16197945,6,1020503,,,16200000,2055
2,Weak,17,681,5,32398286,5,1020548,,,32400000,1714
6,Weak,17,738,9,32399014,2,1020562,,,32400000,986
4,Weak,17,1217,5,32398415,6,1020660,,,32400000,1585
7,Weak,17,1058,6,32398490,3,1020714,,,32400000,1510
14,High,17,1169,11,48598370,2,1020762,,,48600000,1630
18,High,17,643,3,48597960,6,1020771,,,48600000,2040
15,High,17,865,9,48598496,2,1020774,,,48600000,1504
25,High,17,855,10,48598355,2,1020779,,,48600000,1645
20,High,17,620,10,48598490,2,1020784,,,48600000,1510
16,High,17,1602,9,48598368,3,1020785,,,48600000,1632
10,Low,17,967,7,16198134,5,1020868,,,16200000,1866
12,Low,17,912,7,16197968,5,1020906,,,16200000,2032
22,High,17,657,9,48598495,2,1020975,,,48600000,1505
9,Low,17,882,6,16197520,5,1021020,,,16200000,2480
5,Weak,17,927,4,32398033,6,1021027,,,32400000,1967
19,High,17,332,4,48598205,6,1021031,,,48600000,1795
17,High,17,1350,12,48598398,2,1021121,,,48600000,1602
13,Low,17,799,10,16198545,2,1021196,,,16200000,1455
3,Weak,17,859,7,32398568,3,1021211,,,32400000,1432
21,High,17,858,4,48597985,6,1021219,,,48600000,2015
23,High,17,1399,6,48598225,6,1021257,,,48600000,1775
8,Low,18,744,3,16197539,6,1080385,,,16200000,2461
24,High,18,864,7,48598382,3,1080390,,,48600000,1618
11,Low,18,454,2,16197837,6,1080503,,,16200000,2163
2,Weak,18,638,5,32398245,5,1080548,,,32400000,1755
6,Weak,18,689,9,32398978,2,1080562,,,32400000,1022
4,Weak,18,1172,5,32398354,6,1080661,,,32400000,1646
7,Weak,18,1182,7,32398417,3,1080713,,,32400000,1583
14,High,18,1308,11,48598297,2,1080762,,,48600000,1703
18,High,18,724,3,48597840,6,1080771,,,48600000,2160
15,High,18,1034,9,48598430,2,1080774,,,48600000,1570
25,High,18,897,11,48598287,2,1080779,,,48600000,1713
20,High,18,643,10,48598421,2,1080784,,,48600000,1579
16,High,18,1697,9,48598296,3,1080785,,,48600000,1704
10,Low,18,1126,8,16198025,5,1080869,,,16200000,1975
12,Low,18,923,7,16197896,5,1080906,,,16200000,2104
22,High,18,719,9,48598419,2,1080975,,,48600000,1581
9,Low,18,1020,7,16197429,5,1081020,,,16200000,2571
5,Weak,18,862,4,32397945,6,1081027,,,32400000,2055
19,High,18,275,4,48598092,6,1081031,,,48600000,1908
17,High,18,1471,12,48598330,2,1081121,,,48600000,1670
13,Low,18,625,10,16198460,2,1081196,,,16200000,1540
21,High,18,1028,5,48597903,6,1081219,,,48600000,2097
23,High,18,575,5,48598106,6,1081258,,,48600000,1894
3,Weak,18,881,7,32398479,3,1081341,,,32400000,1521
8,Low,19,772,4,16197409,6,1140385,,,16200000,2591
24,High,19,863,7,48598279,3,1140388,,,48600000,1721
11,Low,19,617,3,16197732,6,1140503,,,16200000,2268
2,Weak,19,651,5,32398163,5,1140548,,,32400000,1837
6,Weak,19,606,10,32398933,2,1140562,,,32400000,1067
4,Weak,19,1310,6,32398288,6,1140660,,,32400000,1712
7,Weak,19,1123,7,32398355,3,1140713,,,32400000,1645
14,High,19,1305,10,48598229,2,1140762,,,48600000,1771
18,High,19,714,3,48597712,6,1140771,,,48600000,2288
15,High,19,981,9,48598380,2,1140774,,,48600000,1620
25,High,19,909,11,48598227,2,1140779,,,48600000,1773
20,High,19,629,10,48598374,2,1140784,,,48600000,1626
16,High,19,1783,10,48598222,3,1140785,,,48600000,1778
10,Low,19,805,7,16197909,5,1140868,,,16200000,2091
12,Low,19,999,8,16197760,5,1140906,,,16200000,2240
22,High,19,903,10,48598340,2,1140975,,,48600000,1660
9,Low,19,1133,7,16197323,5,1141021,,,16200000,2677
19,High,19,324,4,48598026,6,1141031,,,48600000,1974
17,High,19,1426,12,48598269,2,1141121,,,48600000,1731
5,Weak,19,657,3,32397848,6,1141157,,,32400000,2152
13,Low,19,651,10,16198364,2,1141196,,,16200000,1636
3,Weak,19,853,7,32398423,3,1141211,,,32400000,1577
21,High,19,1050,5,48597794,6,1141219,,,48600000,2206
23,High,19,773,6,48598010,6,1141257,,,48600000,1990
24,High,20,1184,8,48598172,3,1200347,,,48600000,1828
8,Low,20,819,4,16197264,6,1200385,,,16200000,2736
11,Low,20,725,3,16197624,6,1200503,,,16200000,2376
2,Weak,20,601,6,32398110,5,1200548,,,32400000,1890
6,Weak,20,571,10,32398897,2,1200562,,,32400000,1103
4,Weak,20,1435,6,32398220,6,1200660,,,32400000,1780
7,Weak,20,1113,7,32398274,3,1200713,,,32400000,1726
14,High,20,1430,11,48598157,2,1200762,,,48600000,1843
18,High,20,794,4,48597579,6,1200771,,,48600000,2421
15,High,20,1138,10,48598315,2,1200774,,,48600000,1685
25,High,20,1074,11,48598146,2,1200779,,,48600000,1854
20,High,20,822,10,48598308,2,1200784,,,48600000,1692
16,High,20,1681,9,48598166,3,1200785,,,48600000,1834
10,Low,20,723,7,16197829,5,1200868,,,16200000,2171
12,Low,20,1087,8,16197678,5,1200906,,,16200000,2322
22,High,20,1068,10,48598252,2,1200975,,,48600000,1748
9,Low,20,1083,7,16197241,5,1201020,,,16200000,2759
5,Weak,20,698,3,32397767,6,1201027,,,32400000,2233
19,High,20,1063,5,48597881,6,1201031,,,48600000,2119
17,High,20,1385,12,48598209,2,1201121,,,48600000,1791
13,Low,20,637,10,16198314,2,1201196,,,16200000,1686
3,Weak,20,895,7,32398365,3,1201211,,,32400000,1635
21,High,20,917,4,48597700,6,1201219,,,48600000,2300
23,High,20,823,6,48597912,6,1201258,,,48600000,2088
24,High,21,1058,8,48598110,3,1260347,,,48600000,1890
8,Low,21,771,4,16197176,6,1260385,,,16200000,2824
11,Low,21,592,3,16197445,6,1260503,,,16200000,2555
2,Weak,21,566,6,32398054,5,1260548,,,32400000,1946
6,Weak,21,641,10,32398839,2,1260562,,,32400000,1161
4,Weak,21,688,5,32398113,6,1260660,,,32400000,1887
7,Weak,21,1019,6,32398211,3,1260713,,,32400000,1789
14,High,21,1543,11,48598090,2,1260762,,,48600000,1910
18,High,21,1013,4,48597462,6,1260771,,,48600000,2538
15,High,21,1280,10,48598245,2,1260774,,,48600000,1755
25,High,21,972,11,48598003,2,1260779,,,48600000,1997
20,High,21,867,11,48598230,2,1260784,,,48600000,1770
16,High,21,1768,10,48598090,3,1260785,,,48600000,1910
10,Low,21,906,8,16197743,5,1260869,,,16200000,2257
12,Low,21,979,7,16197603,5,1260906,,,16200000,2397
22,High,21,620,10,48598148,2,1260975,,,48600000,1852
9,Low,21,871,6,16197119,5,1261020,,,16200000,2881
19,High,21,1059,5,48597820,6,1261031,,,48600000,2180
5,Weak,21,778,4,32397651,6,1261033,,,32400000,2349
17,High,21,1323,11,48598155,2,1261121,,,48600000,1845
13,Low,21,829,11,16198248,2,1261196,,,16200000,1752
3,Weak,21,1057,8,32398281,3,1261211,,,32400000,1719
21,High,21,1081,5,48597613,6,1261219,,,48600000,2387
23,High,21,868,6,48597826,6,1261258,,,48600000,2174
